Date,Capacity_MW,Program_MU,Actual_MU,Coal_Stock_Days,Outage_MW,Remarks,Max_Possible_MU,PLF,Variance_MU,Achievement,Capacity_Available_Pct,Phase,Actual_7D_Avg,Coal_Change_Days,Check_vs_Units
06-Jun-2026,1240,23.96,22.22,15,0,,29.76,74.7%,-1.74,92.7%,100.0%,1-Pre-outage,,,0
07-Jun-2026,1240,23.96,21.88,14,0,,29.76,73.5%,-2.08,91.3%,100.0%,1-Pre-outage,,-1,0
08-Jun-2026,1240,23.96,21.95,14,0,,29.76,73.8%,-2.01,91.6%,100.0%,1-Pre-outage,,0,0
09-Jun-2026,1240,23.96,22.45,14,0,,29.76,75.4%,-1.51,93.7%,100.0%,1-Pre-outage,,0,0
10-Jun-2026,1240,23.96,22.6,14,0,,29.76,75.9%,-1.36,94.3%,100.0%,1-Pre-outage,,0,0
11-Jun-2026,1240,23.96,22.28,14,0,,29.76,74.9%,-1.68,93.0%,100.0%,1-Pre-outage,,0,0
12-Jun-2026,1240,23.96,21.58,14,0,,29.76,72.5%,-2.38,90.1%,100.0%,1-Pre-outage,22.13714286,0,0
13-Jun-2026,1240,23.96,21.74,14,0,,29.76,73.1%,-2.22,90.7%,100.0%,1-Pre-outage,22.06857143,0,0
14-Jun-2026,1240,23.96,21.02,13,0,,29.76,70.6%,-2.94,87.7%,100.0%,1-Pre-outage,21.94571429,-1,0
15-Jun-2026,1240,19.96,21.3,13,0,,29.76,71.6%,1.34,106.7%,100.0%,1-Pre-outage,21.85285714,0,0
16-Jun-2026,1240,19.96,22.49,13,0,,29.76,75.6%,2.53,112.7%,100.0%,1-Pre-outage,21.85857143,0,0
17-Jun-2026,1240,19.96,22.35,13,0,,29.76,75.1%,2.39,112.0%,100.0%,1-Pre-outage,21.82285714,0,0
18-Jun-2026,1240,19.96,23.1,13,0,,29.76,77.6%,3.14,115.7%,100.0%,1-Pre-outage,21.94,0,0
19-Jun-2026,1240,19.96,23.03,13,0,,29.76,77.4%,3.07,115.4%,100.0%,1-Pre-outage,22.14714286,0,0
20-Jun-2026,1240,19.96,23.61,12,0,,29.76,79.3%,3.65,118.3%,100.0%,1-Pre-outage,22.41428571,-1,0
21-Jun-2026,1240,19.96,21.8,13,0,,29.76,73.3%,1.84,109.2%,100.0%,1-Pre-outage,22.52571429,1,0
22-Jun-2026,1240,19.96,21.79,12,0,,29.76,73.2%,1.83,109.2%,100.0%,1-Pre-outage,22.59571429,-1,0
23-Jun-2026,1240,19.96,22.3,12,0,,29.76,74.9%,2.34,111.7%,100.0%,1-Pre-outage,22.56857143,0,0
24-Jun-2026,1240,19.96,22.02,11,0,,29.76,74.0%,2.06,110.3%,100.0%,1-Pre-outage,22.52142857,-1,0
25-Jun-2026,1240,19.96,22.35,11,0,,29.76,75.1%,2.39,112.0%,100.0%,1-Pre-outage,22.41428571,0,0
26-Jun-2026,1240,19.96,22.97,10,0,,29.76,77.2%,3.01,115.1%,100.0%,1-Pre-outage,22.40571429,-1,0
27-Jun-2026,1240,19.96,23.48,10,0,,29.76,78.9%,3.52,117.6%,100.0%,1-Pre-outage,22.38714286,0,0
28-Jun-2026,1240,19.96,23.29,9,0,,29.76,78.3%,3.33,116.7%,100.0%,1-Pre-outage,22.6,-1,0
29-Jun-2026,1240,19.96,23.3,9,0,,29.76,78.3%,3.34,116.7%,100.0%,1-Pre-outage,22.81571429,0,0
30-Jun-2026,1240,19.96,22.05,9,195,,29.76,74.1%,2.09,110.5%,84.3%,2-Transition,22.78,0,0
01-Jul-2026,1240,15.03,22.1,9,195,,29.76,74.3%,7.07,147.0%,84.3%,2-Transition,22.79142857,0,0
02-Jul-2026,1240,15.03,22.87,9,0,,29.76,76.8%,7.84,152.2%,100.0%,2-Transition,22.86571429,0,0
03-Jul-2026,1240,15.03,21.56,9,0,,29.76,72.4%,6.53,143.4%,100.0%,2-Transition,22.66428571,0,0
04-Jul-2026,1240,15.03,21.81,9,0,,29.76,73.3%,6.78,145.1%,100.0%,2-Transition,22.42571429,0,0
05-Jul-2026,1240,15.03,18.11,9,210,,29.76,60.9%,3.08,120.5%,83.1%,3-Outage-heavy,21.68571429,0,0
06-Jul-2026,1240,15.03,17.92,9,210,,29.76,60.2%,2.89,119.2%,83.1%,3-Outage-heavy,20.91714286,0,0
07-Jul-2026,1240,15.03,18.5,10,210,,29.76,62.2%,3.47,123.1%,83.1%,3-Outage-heavy,20.41,1,0
08-Jul-2026,1240,15.03,18.16,10,210,,29.76,61.0%,3.13,120.8%,83.1%,3-Outage-heavy,19.84714286,0,0
09-Jul-2026,1240,15.03,14.29,10,530,,29.76,48.0%,-0.74,95.1%,57.3%,3-Outage-heavy,18.62142857,0,0
10-Jul-2026,1240,15.03,12.9,11,530,,29.76,43.3%,-2.13,85.8%,57.3%,3-Outage-heavy,17.38428571,1,0
11-Jul-2026,1240,15.03,16.43,12,320,,29.76,55.2%,1.4,109.3%,74.2%,3-Outage-heavy,16.61571429,1,0
12-Jul-2026,1240,15.03,16.51,14,320,,29.76,55.5%,1.48,109.8%,74.2%,3-Outage-heavy,16.38714286,2,0
13-Jul-2026,1240,15.03,17.42,15,320,,29.76,58.5%,2.39,115.9%,74.2%,3-Outage-heavy,16.31571429,1,0
14-Jul-2026,1240,15.03,17.59,15,320,,29.76,59.1%,2.56,117.0%,74.2%,3-Outage-heavy,16.18571429,0,0
15-Jul-2026,1240,15.03,17.58,16,515,,29.76,59.1%,2.55,117.0%,58.5%,3-Outage-heavy,16.10285714,1,0
16-Jul-2026,1240,11.36,14.43,16,515,,29.76,48.5%,3.07,127.0%,58.5%,3-Outage-heavy,16.12285714,0,0
17-Jul-2026,1240,11.36,14.86,16,515,,29.76,49.9%,3.5,130.8%,58.5%,3-Outage-heavy,16.40285714,0,0
18-Jul-2026,1240,11.36,18.54,16,320,,29.76,62.3%,7.18,163.2%,74.2%,3-Outage-heavy,16.70428571,0,0
19-Jul-2026,1240,11.36,18.2,15,320,,29.76,61.2%,6.84,160.2%,74.2%,3-Outage-heavy,16.94571429,-1,0
20-Jul-2026,1240,11.36,18.24,15,320,,29.76,61.3%,6.88,160.6%,74.2%,3-Outage-heavy,17.06285714,0,0
