Date,Unit,Unit_Label,Status,Capacity_MW,Program_MU,Actual_MU,Outage_MW,Outage_DateTime,Sync_DateTime,Remarks,Max_Possible_MU,PLF,Variance_MU,Achievement,Outage_Flag,ZeroGen_Flag,Month,Week,Phase,Outage_Category,Baseline_MU,Est_Loss_MU
06-Jun-2026,1,Unit 1,,110,1.93,1.62,0,,,,2.64,61.4%,-0.31,83.9%,0,0,Jun,23,1-Pre-outage,,1.611818182,0
06-Jun-2026,2,Unit 2,,110,1.93,1.66,0,,,,2.64,62.9%,-0.27,86.0%,0,0,Jun,23,1-Pre-outage,,1.679555556,0
06-Jun-2026,3,Unit 3,,210,3.9,3.67,0,,,,5.04,72.8%,-0.23,94.1%,0,0,Jun,23,1-Pre-outage,,3.726976744,0
06-Jun-2026,4,Unit 4,,210,4,3.75,0,,,,5.04,74.4%,-0.25,93.8%,0,0,Jun,23,1-Pre-outage,,3.535862069,0
06-Jun-2026,5,Unit 5,,210,4,3.85,0,,,,5.04,76.4%,-0.15,96.3%,0,0,Jun,23,1-Pre-outage,,3.988888889,0
06-Jun-2026,6,Unit 6,,195,4.1,3.85,0,,,,4.68,82.3%,-0.25,93.9%,0,0,Jun,23,1-Pre-outage,,3.853777778,0
06-Jun-2026,7,Unit 7,,195,4.1,3.82,0,,,,4.68,81.6%,-0.28,93.2%,0,0,Jun,23,1-Pre-outage,,3.98375,0
07-Jun-2026,1,Unit 1,,110,1.93,1.61,0,,,,2.64,61.0%,-0.32,83.4%,0,0,Jun,23,1-Pre-outage,,1.611818182,0
07-Jun-2026,2,Unit 2,,110,1.93,1.58,0,,,,2.64,59.8%,-0.35,81.9%,0,0,Jun,23,1-Pre-outage,,1.679555556,0
07-Jun-2026,3,Unit 3,,210,3.9,3.59,0,,,,5.04,71.2%,-0.31,92.1%,0,0,Jun,23,1-Pre-outage,,3.726976744,0
07-Jun-2026,4,Unit 4,,210,4,3.61,0,,,,5.04,71.6%,-0.39,90.3%,0,0,Jun,23,1-Pre-outage,,3.535862069,0
07-Jun-2026,5,Unit 5,,210,4,3.83,0,,,,5.04,76.0%,-0.17,95.8%,0,0,Jun,23,1-Pre-outage,,3.988888889,0
07-Jun-2026,6,Unit 6,,195,4.1,3.85,0,,,,4.68,82.3%,-0.25,93.9%,0,0,Jun,23,1-Pre-outage,,3.853777778,0
07-Jun-2026,7,Unit 7,,195,4.1,3.81,0,,,,4.68,81.4%,-0.29,92.9%,0,0,Jun,23,1-Pre-outage,,3.98375,0
08-Jun-2026,1,Unit 1,,110,1.93,1.55,0,,,,2.64,58.7%,-0.38,80.3%,0,0,Jun,24,1-Pre-outage,,1.611818182,0
08-Jun-2026,2,Unit 2,,110,1.93,1.6,0,,,,2.64,60.6%,-0.33,82.9%,0,0,Jun,24,1-Pre-outage,,1.679555556,0
08-Jun-2026,3,Unit 3,,210,3.9,3.61,0,,,,5.04,71.6%,-0.29,92.6%,0,0,Jun,24,1-Pre-outage,,3.726976744,0
08-Jun-2026,4,Unit 4,,210,4,3.67,0,,,,5.04,72.8%,-0.33,91.8%,0,0,Jun,24,1-Pre-outage,,3.535862069,0
08-Jun-2026,5,Unit 5,,210,4,3.85,0,,,,5.04,76.4%,-0.15,96.3%,0,0,Jun,24,1-Pre-outage,,3.988888889,0
08-Jun-2026,6,Unit 6,,195,4.1,3.84,0,,,,4.68,82.1%,-0.26,93.7%,0,0,Jun,24,1-Pre-outage,,3.853777778,0
08-Jun-2026,7,Unit 7,,195,4.1,3.83,0,,,,4.68,81.8%,-0.27,93.4%,0,0,Jun,24,1-Pre-outage,,3.98375,0
09-Jun-2026,1,Unit 1,,110,1.93,1.63,0,,,,2.64,61.7%,-0.3,84.5%,0,0,Jun,24,1-Pre-outage,,1.611818182,0
09-Jun-2026,2,Unit 2,,110,1.93,1.74,0,,,,2.64,65.9%,-0.19,90.2%,0,0,Jun,24,1-Pre-outage,,1.679555556,0
09-Jun-2026,3,Unit 3,,210,3.9,3.72,0,,,,5.04,73.8%,-0.18,95.4%,0,0,Jun,24,1-Pre-outage,,3.726976744,0
09-Jun-2026,4,Unit 4,,210,4,3.81,0,,,,5.04,75.6%,-0.19,95.3%,0,0,Jun,24,1-Pre-outage,,3.535862069,0
09-Jun-2026,5,Unit 5,,210,4,3.89,0,,,,5.04,77.2%,-0.11,97.3%,0,0,Jun,24,1-Pre-outage,,3.988888889,0
09-Jun-2026,6,Unit 6,,195,4.1,3.85,0,,,,4.68,82.3%,-0.25,93.9%,0,0,Jun,24,1-Pre-outage,,3.853777778,0
09-Jun-2026,7,Unit 7,,195,4.1,3.81,0,,,,4.68,81.4%,-0.29,92.9%,0,0,Jun,24,1-Pre-outage,,3.98375,0
10-Jun-2026,1,Unit 1,,110,1.93,1.65,0,,,,2.64,62.5%,-0.28,85.5%,0,0,Jun,24,1-Pre-outage,,1.611818182,0
10-Jun-2026,2,Unit 2,,110,1.93,1.71,0,,,,2.64,64.8%,-0.22,88.6%,0,0,Jun,24,1-Pre-outage,,1.679555556,0
10-Jun-2026,3,Unit 3,,210,3.9,3.74,0,,,,5.04,74.2%,-0.16,95.9%,0,0,Jun,24,1-Pre-outage,,3.726976744,0
10-Jun-2026,4,Unit 4,,210,4,3.69,0,,,,5.04,73.2%,-0.31,92.3%,0,0,Jun,24,1-Pre-outage,,3.535862069,0
10-Jun-2026,5,Unit 5,,210,4,3.95,0,,,,5.04,78.4%,-0.05,98.8%,0,0,Jun,24,1-Pre-outage,,3.988888889,0
10-Jun-2026,6,Unit 6,,195,4.1,3.85,0,,,,4.68,82.3%,-0.25,93.9%,0,0,Jun,24,1-Pre-outage,,3.853777778,0
10-Jun-2026,7,Unit 7,,195,4.1,4.01,0,,,,4.68,85.7%,-0.09,97.8%,0,0,Jun,24,1-Pre-outage,,3.98375,0
11-Jun-2026,1,Unit 1,,110,1.93,1.65,0,,,,2.64,62.5%,-0.28,85.5%,0,0,Jun,24,1-Pre-outage,,1.611818182,0
11-Jun-2026,2,Unit 2,,110,1.93,1.7,0,,,,2.64,64.4%,-0.23,88.1%,0,0,Jun,24,1-Pre-outage,,1.679555556,0
11-Jun-2026,3,Unit 3,,210,3.9,3.7,0,,,,5.04,73.4%,-0.2,94.9%,0,0,Jun,24,1-Pre-outage,,3.726976744,0
11-Jun-2026,4,Unit 4,,210,4,3.38,0,,,,5.04,67.1%,-0.62,84.5%,0,0,Jun,24,1-Pre-outage,,3.535862069,0
11-Jun-2026,5,Unit 5,,210,4,3.99,0,,,,5.04,79.2%,-0.01,99.8%,0,0,Jun,24,1-Pre-outage,,3.988888889,0
11-Jun-2026,6,Unit 6,,195,4.1,3.84,0,,,,4.68,82.1%,-0.26,93.7%,0,0,Jun,24,1-Pre-outage,,3.853777778,0
11-Jun-2026,7,Unit 7,,195,4.1,4.02,0,,,,4.68,85.9%,-0.08,98.0%,0,0,Jun,24,1-Pre-outage,,3.98375,0
12-Jun-2026,1,Unit 1,,110,1.93,1.56,0,,,,2.64,59.1%,-0.37,80.8%,0,0,Jun,24,1-Pre-outage,,1.611818182,0
12-Jun-2026,2,Unit 2,,110,1.93,1.59,0,,,,2.64,60.2%,-0.34,82.4%,0,0,Jun,24,1-Pre-outage,,1.679555556,0
12-Jun-2026,3,Unit 3,,210,3.9,3.56,0,,,,5.04,70.6%,-0.34,91.3%,0,0,Jun,24,1-Pre-outage,,3.726976744,0
12-Jun-2026,4,Unit 4,,210,4,3.38,0,,,,5.04,67.1%,-0.62,84.5%,0,0,Jun,24,1-Pre-outage,,3.535862069,0
12-Jun-2026,5,Unit 5,,210,4,3.83,0,,,,5.04,76.0%,-0.17,95.8%,0,0,Jun,24,1-Pre-outage,,3.988888889,0
12-Jun-2026,6,Unit 6,,195,4.1,3.84,0,,,,4.68,82.1%,-0.26,93.7%,0,0,Jun,24,1-Pre-outage,,3.853777778,0
12-Jun-2026,7,Unit 7,,195,4.1,3.82,0,,,,4.68,81.6%,-0.28,93.2%,0,0,Jun,24,1-Pre-outage,,3.98375,0
13-Jun-2026,1,Unit 1,,110,1.93,1.57,0,,,,2.64,59.5%,-0.36,81.3%,0,0,Jun,24,1-Pre-outage,,1.611818182,0
13-Jun-2026,2,Unit 2,,110,1.93,1.59,0,,,,2.64,60.2%,-0.34,82.4%,0,0,Jun,24,1-Pre-outage,,1.679555556,0
13-Jun-2026,3,Unit 3,,210,3.9,3.61,0,,,,5.04,71.6%,-0.29,92.6%,0,0,Jun,24,1-Pre-outage,,3.726976744,0
13-Jun-2026,4,Unit 4,,210,4,3.38,0,,,,5.04,67.1%,-0.62,84.5%,0,0,Jun,24,1-Pre-outage,,3.535862069,0
13-Jun-2026,5,Unit 5,,210,4,3.88,0,,,,5.04,77.0%,-0.12,97.0%,0,0,Jun,24,1-Pre-outage,,3.988888889,0
13-Jun-2026,6,Unit 6,,195,4.1,3.84,0,,,,4.68,82.1%,-0.26,93.7%,0,0,Jun,24,1-Pre-outage,,3.853777778,0
13-Jun-2026,7,Unit 7,,195,4.1,3.87,0,,,,4.68,82.7%,-0.23,94.4%,0,0,Jun,24,1-Pre-outage,,3.98375,0
14-Jun-2026,1,Unit 1,,110,1.93,1.48,0,,,,2.64,56.1%,-0.45,76.7%,0,0,Jun,24,1-Pre-outage,,1.611818182,0
14-Jun-2026,2,Unit 2,,110,1.93,1.48,0,,,,2.64,56.1%,-0.45,76.7%,0,0,Jun,24,1-Pre-outage,,1.679555556,0
14-Jun-2026,3,Unit 3,,210,3.9,3.44,0,,,,5.04,68.3%,-0.46,88.2%,0,0,Jun,24,1-Pre-outage,,3.726976744,0
14-Jun-2026,4,Unit 4,,210,4,3.38,0,,,,5.04,67.1%,-0.62,84.5%,0,0,Jun,24,1-Pre-outage,,3.535862069,0
14-Jun-2026,5,Unit 5,,210,4,3.67,0,,,,5.04,72.8%,-0.33,91.8%,0,0,Jun,24,1-Pre-outage,,3.988888889,0
14-Jun-2026,6,Unit 6,,195,4.1,3.85,0,,,,4.68,82.3%,-0.25,93.9%,0,0,Jun,24,1-Pre-outage,,3.853777778,0
14-Jun-2026,7,Unit 7,,195,4.1,3.72,0,,,,4.68,79.5%,-0.38,90.7%,0,0,Jun,24,1-Pre-outage,,3.98375,0
15-Jun-2026,1,Unit 1,,110,1.93,1.54,0,,,,2.64,58.3%,-0.39,79.8%,0,0,Jun,25,1-Pre-outage,,1.611818182,0
15-Jun-2026,2,Unit 2,,110,1.93,1.56,0,,,,2.64,59.1%,-0.37,80.8%,0,0,Jun,25,1-Pre-outage,,1.679555556,0
15-Jun-2026,3,Unit 3,,210,3.9,3.5,0,,,,5.04,69.4%,-0.4,89.7%,0,0,Jun,25,1-Pre-outage,,3.726976744,0
15-Jun-2026,4,Unit 4,,210,0,3.38,0,,,,5.04,67.1%,3.38,,0,0,Jun,25,1-Pre-outage,,3.535862069,0
15-Jun-2026,5,Unit 5,,210,4,3.75,0,,,,5.04,74.4%,-0.25,93.8%,0,0,Jun,25,1-Pre-outage,,3.988888889,0
15-Jun-2026,6,Unit 6,,195,4.1,3.85,0,,,,4.68,82.3%,-0.25,93.9%,0,0,Jun,25,1-Pre-outage,,3.853777778,0
15-Jun-2026,7,Unit 7,,195,4.1,3.72,0,,,,4.68,79.5%,-0.38,90.7%,0,0,Jun,25,1-Pre-outage,,3.98375,0
16-Jun-2026,1,Unit 1,,110,1.93,1.68,0,,,,2.64,63.6%,-0.25,87.0%,0,0,Jun,25,1-Pre-outage,,1.611818182,0
16-Jun-2026,2,Unit 2,,110,1.93,1.73,0,,,,2.64,65.5%,-0.2,89.6%,0,0,Jun,25,1-Pre-outage,,1.679555556,0
16-Jun-2026,3,Unit 3,,210,3.9,3.79,0,,,,5.04,75.2%,-0.11,97.2%,0,0,Jun,25,1-Pre-outage,,3.726976744,0
16-Jun-2026,4,Unit 4,,210,0,3.38,0,,,,5.04,67.1%,3.38,,0,0,Jun,25,1-Pre-outage,,3.535862069,0
16-Jun-2026,5,Unit 5,,210,4,4.03,0,,,,5.04,80.0%,0.03,100.8%,0,0,Jun,25,1-Pre-outage,,3.988888889,0
16-Jun-2026,6,Unit 6,,195,4.1,3.85,0,,,,4.68,82.3%,-0.25,93.9%,0,0,Jun,25,1-Pre-outage,,3.853777778,0
16-Jun-2026,7,Unit 7,,195,4.1,4.03,0,,,,4.68,86.1%,-0.07,98.3%,0,0,Jun,25,1-Pre-outage,,3.98375,0
17-Jun-2026,1,Unit 1,,110,1.93,1.6,0,,,,2.64,60.6%,-0.33,82.9%,0,0,Jun,25,1-Pre-outage,,1.611818182,0
17-Jun-2026,2,Unit 2,,110,1.93,1.66,0,,,,2.64,62.9%,-0.27,86.0%,0,0,Jun,25,1-Pre-outage,,1.679555556,0
17-Jun-2026,3,Unit 3,,210,3.9,3.72,0,,,,5.04,73.8%,-0.18,95.4%,0,0,Jun,25,1-Pre-outage,,3.726976744,0
17-Jun-2026,4,Unit 4,,210,0,3.52,0,,,,5.04,69.8%,3.52,,0,0,Jun,25,1-Pre-outage,,3.535862069,0
17-Jun-2026,5,Unit 5,,210,4,4.04,0,,,,5.04,80.2%,0.04,101.0%,0,0,Jun,25,1-Pre-outage,,3.988888889,0
17-Jun-2026,6,Unit 6,,195,4.1,3.85,0,,,,4.68,82.3%,-0.25,93.9%,0,0,Jun,25,1-Pre-outage,,3.853777778,0
17-Jun-2026,7,Unit 7,,195,4.1,3.96,0,,,,4.68,84.6%,-0.14,96.6%,0,0,Jun,25,1-Pre-outage,,3.98375,0
18-Jun-2026,1,Unit 1,,110,1.93,1.61,0,,,,2.64,61.0%,-0.32,83.4%,0,0,Jun,25,1-Pre-outage,,1.611818182,0
18-Jun-2026,2,Unit 2,,110,1.93,1.77,0,,,,2.64,67.0%,-0.16,91.7%,0,0,Jun,25,1-Pre-outage,,1.679555556,0
18-Jun-2026,3,Unit 3,,210,3.9,3.89,0,,,,5.04,77.2%,-0.01,99.7%,0,0,Jun,25,1-Pre-outage,,3.726976744,0
18-Jun-2026,4,Unit 4,,210,0,3.62,0,,,,5.04,71.8%,3.62,,0,0,Jun,25,1-Pre-outage,,3.535862069,0
18-Jun-2026,5,Unit 5,,210,4,4.18,0,,,,5.04,82.9%,0.18,104.5%,0,0,Jun,25,1-Pre-outage,,3.988888889,0
18-Jun-2026,6,Unit 6,,195,4.1,3.84,0,,,,4.68,82.1%,-0.26,93.7%,0,0,Jun,25,1-Pre-outage,,3.853777778,0
18-Jun-2026,7,Unit 7,,195,4.1,4.19,0,,,,4.68,89.5%,0.09,102.2%,0,0,Jun,25,1-Pre-outage,,3.98375,0
19-Jun-2026,1,Unit 1,,110,1.93,1.65,0,,,,2.64,62.5%,-0.28,85.5%,0,0,Jun,25,1-Pre-outage,,1.611818182,0
19-Jun-2026,2,Unit 2,,110,1.93,1.76,0,,,,2.64,66.7%,-0.17,91.2%,0,0,Jun,25,1-Pre-outage,,1.679555556,0
19-Jun-2026,3,Unit 3,,210,3.9,3.88,0,,,,5.04,77.0%,-0.02,99.5%,0,0,Jun,25,1-Pre-outage,,3.726976744,0
19-Jun-2026,4,Unit 4,,210,0,3.57,0,,,,5.04,70.8%,3.57,,0,0,Jun,25,1-Pre-outage,,3.535862069,0
19-Jun-2026,5,Unit 5,,210,4,4.11,0,,,,5.04,81.5%,0.11,102.8%,0,0,Jun,25,1-Pre-outage,,3.988888889,0
19-Jun-2026,6,Unit 6,,195,4.1,3.85,0,,,,4.68,82.3%,-0.25,93.9%,0,0,Jun,25,1-Pre-outage,,3.853777778,0
19-Jun-2026,7,Unit 7,,195,4.1,4.21,0,,,,4.68,90.0%,0.11,102.7%,0,0,Jun,25,1-Pre-outage,,3.98375,0
20-Jun-2026,1,Unit 1,,110,1.93,1.76,0,,,,2.64,66.7%,-0.17,91.2%,0,0,Jun,25,1-Pre-outage,,1.611818182,0
20-Jun-2026,2,Unit 2,,110,1.93,1.87,0,,,,2.64,70.8%,-0.06,96.9%,0,0,Jun,25,1-Pre-outage,,1.679555556,0
20-Jun-2026,3,Unit 3,,210,3.9,4.03,0,,,,5.04,80.0%,0.13,103.3%,0,0,Jun,25,1-Pre-outage,,3.726976744,0
20-Jun-2026,4,Unit 4,,210,0,3.65,0,,,,5.04,72.4%,3.65,,0,0,Jun,25,1-Pre-outage,,3.535862069,0
20-Jun-2026,5,Unit 5,,210,4,4.24,0,,,,5.04,84.1%,0.24,106.0%,0,0,Jun,25,1-Pre-outage,,3.988888889,0
20-Jun-2026,6,Unit 6,,195,4.1,3.85,0,,,,4.68,82.3%,-0.25,93.9%,0,0,Jun,25,1-Pre-outage,,3.853777778,0
20-Jun-2026,7,Unit 7,,195,4.1,4.21,0,,,,4.68,90.0%,0.11,102.7%,0,0,Jun,25,1-Pre-outage,,3.98375,0
21-Jun-2026,1,Unit 1,,110,1.93,1.53,0,,,,2.64,58.0%,-0.4,79.3%,0,0,Jun,25,1-Pre-outage,,1.611818182,0
21-Jun-2026,2,Unit 2,,110,1.93,1.62,0,,,,2.64,61.4%,-0.31,83.9%,0,0,Jun,25,1-Pre-outage,,1.679555556,0
21-Jun-2026,3,Unit 3,,210,3.9,3.64,0,,,,5.04,72.2%,-0.26,93.3%,0,0,Jun,25,1-Pre-outage,,3.726976744,0
21-Jun-2026,4,Unit 4,,210,0,3.52,0,,,,5.04,69.8%,3.52,,0,0,Jun,25,1-Pre-outage,,3.535862069,0
21-Jun-2026,5,Unit 5,,210,4,3.8,0,,,,5.04,75.4%,-0.2,95.0%,0,0,Jun,25,1-Pre-outage,,3.988888889,0
21-Jun-2026,6,Unit 6,,195,4.1,3.85,0,,,,4.68,82.3%,-0.25,93.9%,0,0,Jun,25,1-Pre-outage,,3.853777778,0
21-Jun-2026,7,Unit 7,,195,4.1,3.84,0,,,,4.68,82.1%,-0.26,93.7%,0,0,Jun,25,1-Pre-outage,,3.98375,0
22-Jun-2026,1,Unit 1,,110,1.93,1.56,0,,,,2.64,59.1%,-0.37,80.8%,0,0,Jun,26,1-Pre-outage,,1.611818182,0
22-Jun-2026,2,Unit 2,,110,1.93,1.62,0,,,,2.64,61.4%,-0.31,83.9%,0,0,Jun,26,1-Pre-outage,,1.679555556,0
22-Jun-2026,3,Unit 3,,210,3.9,3.67,0,,,,5.04,72.8%,-0.23,94.1%,0,0,Jun,26,1-Pre-outage,,3.726976744,0
22-Jun-2026,4,Unit 4,,210,0,3.48,0,,,,5.04,69.0%,3.48,,0,0,Jun,26,1-Pre-outage,,3.535862069,0
22-Jun-2026,5,Unit 5,,210,4,3.83,0,,,,5.04,76.0%,-0.17,95.8%,0,0,Jun,26,1-Pre-outage,,3.988888889,0
22-Jun-2026,6,Unit 6,,195,4.1,3.86,0,,,,4.68,82.5%,-0.24,94.1%,0,0,Jun,26,1-Pre-outage,,3.853777778,0
22-Jun-2026,7,Unit 7,,195,4.1,3.77,0,,,,4.68,80.6%,-0.33,92.0%,0,0,Jun,26,1-Pre-outage,,3.98375,0
23-Jun-2026,1,Unit 1,,110,1.93,1.63,0,,,,2.64,61.7%,-0.3,84.5%,0,0,Jun,26,1-Pre-outage,,1.611818182,0
23-Jun-2026,2,Unit 2,,110,1.93,1.67,0,,,,2.64,63.3%,-0.26,86.5%,0,0,Jun,26,1-Pre-outage,,1.679555556,0
23-Jun-2026,3,Unit 3,,210,3.9,3.76,0,,,,5.04,74.6%,-0.14,96.4%,0,0,Jun,26,1-Pre-outage,,3.726976744,0
23-Jun-2026,4,Unit 4,,210,0,3.56,0,,,,5.04,70.6%,3.56,,0,0,Jun,26,1-Pre-outage,,3.535862069,0
23-Jun-2026,5,Unit 5,,210,4,3.96,0,,,,5.04,78.6%,-0.04,99.0%,0,0,Jun,26,1-Pre-outage,,3.988888889,0
23-Jun-2026,6,Unit 6,,195,4.1,3.85,0,,,,4.68,82.3%,-0.25,93.9%,0,0,Jun,26,1-Pre-outage,,3.853777778,0
23-Jun-2026,7,Unit 7,,195,4.1,3.87,0,,,,4.68,82.7%,-0.23,94.4%,0,0,Jun,26,1-Pre-outage,,3.98375,0
24-Jun-2026,1,Unit 1,,110,1.93,1.58,0,,,,2.64,59.8%,-0.35,81.9%,0,0,Jun,26,1-Pre-outage,,1.611818182,0
24-Jun-2026,2,Unit 2,,110,1.93,1.61,0,,,,2.64,61.0%,-0.32,83.4%,0,0,Jun,26,1-Pre-outage,,1.679555556,0
24-Jun-2026,3,Unit 3,,210,3.9,3.69,0,,,,5.04,73.2%,-0.21,94.6%,0,0,Jun,26,1-Pre-outage,,3.726976744,0
24-Jun-2026,4,Unit 4,,210,0,3.51,0,,,,5.04,69.6%,3.51,,0,0,Jun,26,1-Pre-outage,,3.535862069,0
24-Jun-2026,5,Unit 5,,210,4,3.86,0,,,,5.04,76.6%,-0.14,96.5%,0,0,Jun,26,1-Pre-outage,,3.988888889,0
24-Jun-2026,6,Unit 6,,195,4.1,3.84,0,,,,4.68,82.1%,-0.26,93.7%,0,0,Jun,26,1-Pre-outage,,3.853777778,0
24-Jun-2026,7,Unit 7,,195,4.1,3.93,0,,,,4.68,84.0%,-0.17,95.9%,0,0,Jun,26,1-Pre-outage,,3.98375,0
25-Jun-2026,1,Unit 1,,110,1.93,1.6,0,,,,2.64,60.6%,-0.33,82.9%,0,0,Jun,26,1-Pre-outage,,1.611818182,0
25-Jun-2026,2,Unit 2,,110,1.93,1.65,0,,,,2.64,62.5%,-0.28,85.5%,0,0,Jun,26,1-Pre-outage,,1.679555556,0
25-Jun-2026,3,Unit 3,,210,3.9,3.89,0,,,,5.04,77.2%,-0.01,99.7%,0,0,Jun,26,1-Pre-outage,,3.726976744,0
25-Jun-2026,4,Unit 4,,210,0,3.52,0,,,,5.04,69.8%,3.52,,0,0,Jun,26,1-Pre-outage,,3.535862069,0
25-Jun-2026,5,Unit 5,,210,4,3.92,0,,,,5.04,77.8%,-0.08,98.0%,0,0,Jun,26,1-Pre-outage,,3.988888889,0
25-Jun-2026,6,Unit 6,,195,4.1,3.85,0,,,,4.68,82.3%,-0.25,93.9%,0,0,Jun,26,1-Pre-outage,,3.853777778,0
25-Jun-2026,7,Unit 7,,195,4.1,3.92,0,,,,4.68,83.8%,-0.18,95.6%,0,0,Jun,26,1-Pre-outage,,3.98375,0
26-Jun-2026,1,Unit 1,,110,1.93,1.63,0,,,,2.64,61.7%,-0.3,84.5%,0,0,Jun,26,1-Pre-outage,,1.611818182,0
26-Jun-2026,2,Unit 2,,110,1.93,1.76,0,,,,2.64,66.7%,-0.17,91.2%,0,0,Jun,26,1-Pre-outage,,1.679555556,0
26-Jun-2026,3,Unit 3,,210,3.9,3.82,0,,,,5.04,75.8%,-0.08,97.9%,0,0,Jun,26,1-Pre-outage,,3.726976744,0
26-Jun-2026,4,Unit 4,,210,0,3.63,0,,,,5.04,72.0%,3.63,,0,0,Jun,26,1-Pre-outage,,3.535862069,0
26-Jun-2026,5,Unit 5,,210,4,4.13,0,,,,5.04,81.9%,0.13,103.3%,0,0,Jun,26,1-Pre-outage,,3.988888889,0
26-Jun-2026,6,Unit 6,,195,4.1,3.84,0,,,,4.68,82.1%,-0.26,93.7%,0,0,Jun,26,1-Pre-outage,,3.853777778,0
26-Jun-2026,7,Unit 7,,195,4.1,4.16,0,,,,4.68,88.9%,0.06,101.5%,0,0,Jun,26,1-Pre-outage,,3.98375,0
27-Jun-2026,1,Unit 1,,110,1.93,1.69,0,,,,2.64,64.0%,-0.24,87.6%,0,0,Jun,26,1-Pre-outage,,1.611818182,0
27-Jun-2026,2,Unit 2,,110,1.93,1.75,0,,,,2.64,66.3%,-0.18,90.7%,0,0,Jun,26,1-Pre-outage,,1.679555556,0
27-Jun-2026,3,Unit 3,,210,3.9,3.97,0,,,,5.04,78.8%,0.07,101.8%,0,0,Jun,26,1-Pre-outage,,3.726976744,0
27-Jun-2026,4,Unit 4,,210,0,3.65,0,,,,5.04,72.4%,3.65,,0,0,Jun,26,1-Pre-outage,,3.535862069,0
27-Jun-2026,5,Unit 5,,210,4,4.29,0,,,,5.04,85.1%,0.29,107.3%,0,0,Jun,26,1-Pre-outage,,3.988888889,0
27-Jun-2026,6,Unit 6,,195,4.1,3.85,0,,,,4.68,82.3%,-0.25,93.9%,0,0,Jun,26,1-Pre-outage,,3.853777778,0
27-Jun-2026,7,Unit 7,,195,4.1,4.28,0,,,,4.68,91.5%,0.18,104.4%,0,0,Jun,26,1-Pre-outage,,3.98375,0
28-Jun-2026,1,Unit 1,,110,1.93,1.69,0,,,,2.64,64.0%,-0.24,87.6%,0,0,Jun,26,1-Pre-outage,,1.611818182,0
28-Jun-2026,2,Unit 2,,110,1.93,1.75,0,,,,2.64,66.3%,-0.18,90.7%,0,0,Jun,26,1-Pre-outage,,1.679555556,0
28-Jun-2026,3,Unit 3,,210,3.9,3.9,0,,,,5.04,77.4%,0,100.0%,0,0,Jun,26,1-Pre-outage,,3.726976744,0
28-Jun-2026,4,Unit 4,,210,0,3.62,0,,,,5.04,71.8%,3.62,,0,0,Jun,26,1-Pre-outage,,3.535862069,0
28-Jun-2026,5,Unit 5,,210,4,4.23,0,,,,5.04,83.9%,0.23,105.8%,0,0,Jun,26,1-Pre-outage,,3.988888889,0
28-Jun-2026,6,Unit 6,,195,4.1,3.84,0,,,,4.68,82.1%,-0.26,93.7%,0,0,Jun,26,1-Pre-outage,,3.853777778,0
28-Jun-2026,7,Unit 7,,195,4.1,4.26,0,,,,4.68,91.0%,0.16,103.9%,0,0,Jun,26,1-Pre-outage,,3.98375,0
29-Jun-2026,1,Unit 1,,110,1.93,1.72,0,,,,2.64,65.2%,-0.21,89.1%,0,0,Jun,27,1-Pre-outage,,1.611818182,0
29-Jun-2026,2,Unit 2,,110,1.93,1.81,0,,,,2.64,68.6%,-0.12,93.8%,0,0,Jun,27,1-Pre-outage,,1.679555556,0
29-Jun-2026,3,Unit 3,,210,3.9,3.85,0,,,,5.04,76.4%,-0.05,98.7%,0,0,Jun,27,1-Pre-outage,,3.726976744,0
29-Jun-2026,4,Unit 4,,210,0,3.64,0,,,,5.04,72.2%,3.64,,0,0,Jun,27,1-Pre-outage,,3.535862069,0
29-Jun-2026,5,Unit 5,,210,4,4.16,0,,,,5.04,82.5%,0.16,104.0%,0,0,Jun,27,1-Pre-outage,,3.988888889,0
29-Jun-2026,6,Unit 6,,195,4.1,3.84,0,,,,4.68,82.1%,-0.26,93.7%,0,0,Jun,27,1-Pre-outage,,3.853777778,0
29-Jun-2026,7,Unit 7,,195,4.1,4.28,0,,,,4.68,91.5%,0.18,104.4%,0,0,Jun,27,1-Pre-outage,,3.98375,0
30-Jun-2026,1,Unit 1,,110,1.93,1.69,0,,,,2.64,64.0%,-0.24,87.6%,0,0,Jun,27,2-Transition,,1.611818182,0
30-Jun-2026,2,Unit 2,,110,1.93,1.72,0,,,,2.64,65.2%,-0.21,89.1%,0,0,Jun,27,2-Transition,,1.679555556,0
30-Jun-2026,3,Unit 3,,210,3.9,3.79,0,,,,5.04,75.2%,-0.11,97.2%,0,0,Jun,27,2-Transition,,3.726976744,0
30-Jun-2026,4,Unit 4,,210,0,3.61,0,,,,5.04,71.6%,3.61,,0,0,Jun,27,2-Transition,,3.535862069,0
30-Jun-2026,5,Unit 5,,210,4,4.08,0,,,,5.04,81.0%,0.08,102.0%,0,0,Jun,27,2-Transition,,3.988888889,0
30-Jun-2026,6,Unit 6,,195,4.1,3.85,0,,,,4.68,82.3%,-0.25,93.9%,0,0,Jun,27,2-Transition,,3.853777778,0
30-Jun-2026,7,Unit 7,S,195,4.1,3.31,195,30-Jun-2026 19:41,,AIR PREHEATERS PROBLEM,4.68,70.7%,-0.79,80.7%,1,0,Jun,27,2-Transition,Auxiliary,3.98375,0.67375
01-Jul-2026,1,Unit 1,,110,1.84,1.71,0,,,,2.64,64.8%,-0.13,92.9%,0,0,Jul,27,2-Transition,,1.611818182,0
01-Jul-2026,2,Unit 2,,110,1.87,1.74,0,,,,2.64,65.9%,-0.13,93.0%,0,0,Jul,27,2-Transition,,1.679555556,0
01-Jul-2026,3,Unit 3,,210,3.67,3.82,0,,,,5.04,75.8%,0.15,104.1%,0,0,Jul,27,2-Transition,,3.726976744,0
01-Jul-2026,4,Unit 4,,210,0,3.63,0,,,,5.04,72.0%,3.63,,0,0,Jul,27,2-Transition,,3.535862069,0
01-Jul-2026,5,Unit 5,,210,3.81,4.06,0,,,,5.04,80.6%,0.25,106.6%,0,0,Jul,27,2-Transition,,3.988888889,0
01-Jul-2026,6,Unit 6,,195,3.84,3.86,0,,,,4.68,82.5%,0.02,100.5%,0,0,Jul,27,2-Transition,,3.853777778,0
01-Jul-2026,7,Unit 7,*,195,0,3.28,195,30-Jun-2026 19:41,01-Jul-2026 03:35,AIR PREHEATERS PROBLEM,4.68,70.1%,3.28,,1,0,Jul,27,2-Transition,Auxiliary,3.98375,0.70375
02-Jul-2026,1,Unit 1,,110,1.84,1.71,0,,,,2.64,64.8%,-0.13,92.9%,0,0,Jul,27,2-Transition,,1.611818182,0
02-Jul-2026,2,Unit 2,,110,1.87,1.76,0,,,,2.64,66.7%,-0.11,94.1%,0,0,Jul,27,2-Transition,,1.679555556,0
02-Jul-2026,3,Unit 3,,210,3.67,3.82,0,,,,5.04,75.8%,0.15,104.1%,0,0,Jul,27,2-Transition,,3.726976744,0
02-Jul-2026,4,Unit 4,,210,0,3.58,0,,,,5.04,71.0%,3.58,,0,0,Jul,27,2-Transition,,3.535862069,0
02-Jul-2026,5,Unit 5,,210,3.81,4.08,0,,,,5.04,81.0%,0.27,107.1%,0,0,Jul,27,2-Transition,,3.988888889,0
02-Jul-2026,6,Unit 6,,195,3.84,3.85,0,,,,4.68,82.3%,0.01,100.3%,0,0,Jul,27,2-Transition,,3.853777778,0
02-Jul-2026,7,Unit 7,,195,0,4.07,0,,,,4.68,87.0%,4.07,,0,0,Jul,27,2-Transition,,3.98375,0
03-Jul-2026,1,Unit 1,,110,1.84,1.54,0,,,,2.64,58.3%,-0.3,83.7%,0,0,Jul,27,2-Transition,,1.611818182,0
03-Jul-2026,2,Unit 2,,110,1.87,1.58,0,,,,2.64,59.8%,-0.29,84.5%,0,0,Jul,27,2-Transition,,1.679555556,0
03-Jul-2026,3,Unit 3,,210,3.67,3.59,0,,,,5.04,71.2%,-0.08,97.8%,0,0,Jul,27,2-Transition,,3.726976744,0
03-Jul-2026,4,Unit 4,,210,0,3.17,0,,,,5.04,62.9%,3.17,,0,0,Jul,27,2-Transition,,3.535862069,0
03-Jul-2026,5,Unit 5,,210,3.81,3.88,0,,,,5.04,77.0%,0.07,101.8%,0,0,Jul,27,2-Transition,,3.988888889,0
03-Jul-2026,6,Unit 6,,195,3.84,3.84,0,,,,4.68,82.1%,0,100.0%,0,0,Jul,27,2-Transition,,3.853777778,0
03-Jul-2026,7,Unit 7,,195,0,3.96,0,,,,4.68,84.6%,3.96,,0,0,Jul,27,2-Transition,,3.98375,0
04-Jul-2026,1,Unit 1,,110,1.84,1.58,0,,,,2.64,59.8%,-0.26,85.9%,0,0,Jul,27,2-Transition,,1.611818182,0
04-Jul-2026,2,Unit 2,,110,1.87,1.63,0,,,,2.64,61.7%,-0.24,87.2%,0,0,Jul,27,2-Transition,,1.679555556,0
04-Jul-2026,3,Unit 3,,210,3.67,3.62,0,,,,5.04,71.8%,-0.05,98.6%,0,0,Jul,27,2-Transition,,3.726976744,0
04-Jul-2026,4,Unit 4,,210,0,3.25,0,,,,5.04,64.5%,3.25,,0,0,Jul,27,2-Transition,,3.535862069,0
04-Jul-2026,5,Unit 5,,210,3.81,3.96,0,,,,5.04,78.6%,0.15,103.9%,0,0,Jul,27,2-Transition,,3.988888889,0
04-Jul-2026,6,Unit 6,,195,3.84,3.82,0,,,,4.68,81.6%,-0.02,99.5%,0,0,Jul,27,2-Transition,,3.853777778,0
04-Jul-2026,7,Unit 7,,195,0,3.95,0,,,,4.68,84.4%,3.95,,0,0,Jul,27,2-Transition,,3.98375,0
05-Jul-2026,1,Unit 1,,110,1.84,1.5,0,,,,2.64,56.8%,-0.34,81.5%,0,0,Jul,27,3-Outage-heavy,,1.611818182,0
05-Jul-2026,2,Unit 2,,110,1.87,1.55,0,,,,2.64,58.7%,-0.32,82.9%,0,0,Jul,27,3-Outage-heavy,,1.679555556,0
05-Jul-2026,3,Unit 3,,210,3.67,3.52,0,,,,5.04,69.8%,-0.15,95.9%,0,0,Jul,27,3-Outage-heavy,,3.726976744,0
05-Jul-2026,4,Unit 4,S,210,0,0,210,05-Jul-2026 00:00,,TURBINE BEARING PROBLEM,5.04,0.0%,0,,1,1,Jul,27,3-Outage-heavy,Turbine,3.535862069,3.535862069
05-Jul-2026,5,Unit 5,,210,3.81,3.86,0,,,,5.04,76.6%,0.05,101.3%,0,0,Jul,27,3-Outage-heavy,,3.988888889,0
05-Jul-2026,6,Unit 6,,195,3.84,3.82,0,,,,4.68,81.6%,-0.02,99.5%,0,0,Jul,27,3-Outage-heavy,,3.853777778,0
05-Jul-2026,7,Unit 7,,195,0,3.86,0,,,,4.68,82.5%,3.86,,0,0,Jul,27,3-Outage-heavy,,3.98375,0
06-Jul-2026,1,Unit 1,*,110,1.84,1.56,0,06-Jul-2026 13:22,06-Jul-2026 15:55,ELECTRICAL MISCELLANEOUS PROBLEMS,2.64,59.1%,-0.28,84.8%,0,0,Jul,28,3-Outage-heavy,Electrical,1.611818182,0
06-Jul-2026,2,Unit 2,,110,1.87,1.61,0,,,,2.64,61.0%,-0.26,86.1%,0,0,Jul,28,3-Outage-heavy,,1.679555556,0
06-Jul-2026,3,Unit 3,,210,3.67,3.6,0,,,,5.04,71.4%,-0.07,98.1%,0,0,Jul,28,3-Outage-heavy,,3.726976744,0
06-Jul-2026,4,Unit 4,S,210,0,0,210,05-Jul-2026 00:00,,TURBINE BEARING PROBLEM,5.04,0.0%,0,,1,1,Jul,28,3-Outage-heavy,Turbine,3.535862069,3.535862069
06-Jul-2026,5,Unit 5,,210,3.81,3.88,0,,,,5.04,77.0%,0.07,101.8%,0,0,Jul,28,3-Outage-heavy,,3.988888889,0
06-Jul-2026,6,Unit 6,,195,3.84,3.84,0,,,,4.68,82.1%,0,100.0%,0,0,Jul,28,3-Outage-heavy,,3.853777778,0
06-Jul-2026,7,Unit 7,,195,0,3.43,0,,,,4.68,73.3%,3.43,,0,0,Jul,28,3-Outage-heavy,,3.98375,0
07-Jul-2026,1,Unit 1,,110,1.84,1.6,0,,,,2.64,60.6%,-0.24,87.0%,0,0,Jul,28,3-Outage-heavy,,1.611818182,0
07-Jul-2026,2,Unit 2,,110,1.87,1.6,0,,,,2.64,60.6%,-0.27,85.6%,0,0,Jul,28,3-Outage-heavy,,1.679555556,0
07-Jul-2026,3,Unit 3,,210,3.67,3.61,0,,,,5.04,71.6%,-0.06,98.4%,0,0,Jul,28,3-Outage-heavy,,3.726976744,0
07-Jul-2026,4,Unit 4,S,210,0,0,210,05-Jul-2026 00:00,,TURBINE BEARING PROBLEM,5.04,0.0%,0,,1,1,Jul,28,3-Outage-heavy,Turbine,3.535862069,3.535862069
07-Jul-2026,5,Unit 5,,210,3.81,3.9,0,,,,5.04,77.4%,0.09,102.4%,0,0,Jul,28,3-Outage-heavy,,3.988888889,0
07-Jul-2026,6,Unit 6,,195,3.84,3.84,0,,,,4.68,82.1%,0,100.0%,0,0,Jul,28,3-Outage-heavy,,3.853777778,0
07-Jul-2026,7,Unit 7,,195,0,3.95,0,,,,4.68,84.4%,3.95,,0,0,Jul,28,3-Outage-heavy,,3.98375,0
08-Jul-2026,1,Unit 1,,110,1.84,1.51,0,,,,2.64,57.2%,-0.33,82.1%,0,0,Jul,28,3-Outage-heavy,,1.611818182,0
08-Jul-2026,2,Unit 2,,110,1.87,1.53,0,,,,2.64,58.0%,-0.34,81.8%,0,0,Jul,28,3-Outage-heavy,,1.679555556,0
08-Jul-2026,3,Unit 3,,210,3.67,3.53,0,,,,5.04,70.0%,-0.14,96.2%,0,0,Jul,28,3-Outage-heavy,,3.726976744,0
08-Jul-2026,4,Unit 4,S,210,0,0,210,05-Jul-2026 00:00,,TURBINE BEARING PROBLEM,5.04,0.0%,0,,1,1,Jul,28,3-Outage-heavy,Turbine,3.535862069,3.535862069
08-Jul-2026,5,Unit 5,,210,3.81,3.86,0,,,,5.04,76.6%,0.05,101.3%,0,0,Jul,28,3-Outage-heavy,,3.988888889,0
08-Jul-2026,6,Unit 6,,195,3.84,3.84,0,,,,4.68,82.1%,0,100.0%,0,0,Jul,28,3-Outage-heavy,,3.853777778,0
08-Jul-2026,7,Unit 7,,195,0,3.89,0,,,,4.68,83.1%,3.89,,0,0,Jul,28,3-Outage-heavy,,3.98375,0
09-Jul-2026,1,Unit 1,S,110,1.84,0,110,09-Jul-2026 00:01,,GENERATOR MISCLLANEOUS MAINTENANCE,2.64,0.0%,-1.84,0.0%,1,1,Jul,28,3-Outage-heavy,Generator,1.611818182,1.611818182
09-Jul-2026,2,Unit 2,,110,1.87,1.49,0,,,,2.64,56.4%,-0.38,79.7%,0,0,Jul,28,3-Outage-heavy,,1.679555556,0
09-Jul-2026,3,Unit 3,S,210,3.67,1.2,210,09-Jul-2026 08:51,,GENERATOR MISCLLANEOUS MAINTENANCE,5.04,23.8%,-2.47,32.7%,1,0,Jul,28,3-Outage-heavy,Generator,3.726976744,2.526976744
09-Jul-2026,4,Unit 4,S,210,0,0,210,05-Jul-2026 00:00,,TURBINE BEARING PROBLEM,5.04,0.0%,0,,1,1,Jul,28,3-Outage-heavy,Turbine,3.535862069,3.535862069
09-Jul-2026,5,Unit 5,,210,3.81,3.89,0,,,,5.04,77.2%,0.08,102.1%,0,0,Jul,28,3-Outage-heavy,,3.988888889,0
09-Jul-2026,6,Unit 6,,195,3.84,3.83,0,,,,4.68,81.8%,-0.01,99.7%,0,0,Jul,28,3-Outage-heavy,,3.853777778,0
09-Jul-2026,7,Unit 7,,195,0,3.88,0,,,,4.68,82.9%,3.88,,0,0,Jul,28,3-Outage-heavy,,3.98375,0
10-Jul-2026,1,Unit 1,S,110,1.84,0,110,09-Jul-2026 00:01,,GENERATOR MISCLLANEOUS MAINTENANCE,2.64,0.0%,-1.84,0.0%,1,1,Jul,28,3-Outage-heavy,Generator,1.611818182,1.611818182
10-Jul-2026,2,Unit 2,,110,1.87,1.46,0,,,,2.64,55.3%,-0.41,78.1%,0,0,Jul,28,3-Outage-heavy,,1.679555556,0
10-Jul-2026,3,Unit 3,*,210,3.67,0.08,210,09-Jul-2026 08:51,10-Jul-2026 18:05,GENERATOR MISCLLANEOUS MAINTENANCE,5.04,1.6%,-3.59,2.2%,1,0,Jul,28,3-Outage-heavy,Generator,3.726976744,3.646976744
10-Jul-2026,4,Unit 4,S,210,0,0,210,05-Jul-2026 00:00,,TURBINE BEARING PROBLEM,5.04,0.0%,0,,1,1,Jul,28,3-Outage-heavy,Turbine,3.535862069,3.535862069
10-Jul-2026,5,Unit 5,,210,3.81,3.73,0,,,,5.04,74.0%,-0.08,97.9%,0,0,Jul,28,3-Outage-heavy,,3.988888889,0
10-Jul-2026,6,Unit 6,,195,3.84,3.85,0,,,,4.68,82.3%,0.01,100.3%,0,0,Jul,28,3-Outage-heavy,,3.853777778,0
10-Jul-2026,7,Unit 7,,195,0,3.78,0,,,,4.68,80.8%,3.78,,0,0,Jul,28,3-Outage-heavy,,3.98375,0
11-Jul-2026,1,Unit 1,S,110,1.84,0,110,09-Jul-2026 00:01,,GENERATOR MISCLLANEOUS MAINTENANCE,2.64,0.0%,-1.84,0.0%,1,1,Jul,28,3-Outage-heavy,Generator,1.611818182,1.611818182
11-Jul-2026,2,Unit 2,,110,1.87,1.52,0,,,,2.64,57.6%,-0.35,81.3%,0,0,Jul,28,3-Outage-heavy,,1.679555556,0
11-Jul-2026,3,Unit 3,,210,3.67,3.39,0,,,,5.04,67.3%,-0.28,92.4%,0,0,Jul,28,3-Outage-heavy,,3.726976744,0
11-Jul-2026,4,Unit 4,S,210,0,0,210,05-Jul-2026 00:00,,TURBINE BEARING PROBLEM,5.04,0.0%,0,,1,1,Jul,28,3-Outage-heavy,Turbine,3.535862069,3.535862069
11-Jul-2026,5,Unit 5,,210,3.81,3.81,0,,,,5.04,75.6%,0,100.0%,0,0,Jul,28,3-Outage-heavy,,3.988888889,0
11-Jul-2026,6,Unit 6,,195,3.84,3.83,0,,,,4.68,81.8%,-0.01,99.7%,0,0,Jul,28,3-Outage-heavy,,3.853777778,0
11-Jul-2026,7,Unit 7,,195,0,3.88,0,,,,4.68,82.9%,3.88,,0,0,Jul,28,3-Outage-heavy,,3.98375,0
12-Jul-2026,1,Unit 1,S,110,1.84,0,110,09-Jul-2026 00:01,,GENERATOR MISCLLANEOUS MAINTENANCE,2.64,0.0%,-1.84,0.0%,1,1,Jul,28,3-Outage-heavy,Generator,1.611818182,1.611818182
12-Jul-2026,2,Unit 2,,110,1.87,1.53,0,,,,2.64,58.0%,-0.34,81.8%,0,0,Jul,28,3-Outage-heavy,,1.679555556,0
12-Jul-2026,3,Unit 3,,210,3.67,3.48,0,,,,5.04,69.0%,-0.19,94.8%,0,0,Jul,28,3-Outage-heavy,,3.726976744,0
12-Jul-2026,4,Unit 4,S,210,0,0,210,05-Jul-2026 00:00,,TURBINE BEARING PROBLEM,5.04,0.0%,0,,1,1,Jul,28,3-Outage-heavy,Turbine,3.535862069,3.535862069
12-Jul-2026,5,Unit 5,,210,3.81,3.78,0,,,,5.04,75.0%,-0.03,99.2%,0,0,Jul,28,3-Outage-heavy,,3.988888889,0
12-Jul-2026,6,Unit 6,,195,3.84,3.83,0,,,,4.68,81.8%,-0.01,99.7%,0,0,Jul,28,3-Outage-heavy,,3.853777778,0
12-Jul-2026,7,Unit 7,,195,0,3.89,0,,,,4.68,83.1%,3.89,,0,0,Jul,28,3-Outage-heavy,,3.98375,0
13-Jul-2026,1,Unit 1,S,110,1.84,0,110,09-Jul-2026 00:01,,GENERATOR MISCLLANEOUS MAINTENANCE,2.64,0.0%,-1.84,0.0%,1,1,Jul,29,3-Outage-heavy,Generator,1.611818182,1.611818182
13-Jul-2026,2,Unit 2,,110,1.87,1.69,0,,,,2.64,64.0%,-0.18,90.4%,0,0,Jul,29,3-Outage-heavy,,1.679555556,0
13-Jul-2026,3,Unit 3,,210,3.67,3.69,0,,,,5.04,73.2%,0.02,100.5%,0,0,Jul,29,3-Outage-heavy,,3.726976744,0
13-Jul-2026,4,Unit 4,S,210,0,0,210,05-Jul-2026 00:00,,TURBINE BEARING PROBLEM,5.04,0.0%,0,,1,1,Jul,29,3-Outage-heavy,Turbine,3.535862069,3.535862069
13-Jul-2026,5,Unit 5,,210,3.81,4.02,0,,,,5.04,79.8%,0.21,105.5%,0,0,Jul,29,3-Outage-heavy,,3.988888889,0
13-Jul-2026,6,Unit 6,,195,3.84,3.85,0,,,,4.68,82.3%,0.01,100.3%,0,0,Jul,29,3-Outage-heavy,,3.853777778,0
13-Jul-2026,7,Unit 7,,195,0,4.17,0,,,,4.68,89.1%,4.17,,0,0,Jul,29,3-Outage-heavy,,3.98375,0
14-Jul-2026,1,Unit 1,S,110,1.84,0,110,09-Jul-2026 00:01,,GENERATOR MISCLLANEOUS MAINTENANCE,2.64,0.0%,-1.84,0.0%,1,1,Jul,29,3-Outage-heavy,Generator,1.611818182,1.611818182
14-Jul-2026,2,Unit 2,,110,1.87,1.77,0,,,,2.64,67.0%,-0.1,94.7%,0,0,Jul,29,3-Outage-heavy,,1.679555556,0
14-Jul-2026,3,Unit 3,,210,3.67,3.82,0,,,,5.04,75.8%,0.15,104.1%,0,0,Jul,29,3-Outage-heavy,,3.726976744,0
14-Jul-2026,4,Unit 4,S,210,0,0,210,05-Jul-2026 00:00,,TURBINE BEARING PROBLEM,5.04,0.0%,0,,1,1,Jul,29,3-Outage-heavy,Turbine,3.535862069,3.535862069
14-Jul-2026,5,Unit 5,,210,3.81,4.11,0,,,,5.04,81.5%,0.3,107.9%,0,0,Jul,29,3-Outage-heavy,,3.988888889,0
14-Jul-2026,6,Unit 6,,195,3.84,3.71,0,,,,4.68,79.3%,-0.13,96.6%,0,0,Jul,29,3-Outage-heavy,,3.853777778,0
14-Jul-2026,7,Unit 7,,195,0,4.18,0,,,,4.68,89.3%,4.18,,0,0,Jul,29,3-Outage-heavy,,3.98375,0
15-Jul-2026,1,Unit 1,S,110,1.84,0,110,09-Jul-2026 00:01,,GENERATOR MISCLLANEOUS MAINTENANCE,2.64,0.0%,-1.84,0.0%,1,1,Jul,29,3-Outage-heavy,Generator,1.611818182,1.611818182
15-Jul-2026,2,Unit 2,,110,1.87,1.88,0,,,,2.64,71.2%,0.01,100.5%,0,0,Jul,29,3-Outage-heavy,,1.679555556,0
15-Jul-2026,3,Unit 3,,210,3.67,3.86,0,,,,5.04,76.6%,0.19,105.2%,0,0,Jul,29,3-Outage-heavy,,3.726976744,0
15-Jul-2026,4,Unit 4,S,210,0,0.56,210,15-Jul-2026 23:11,,TURBINE MISC. PROBLEM,5.04,11.1%,0.56,,1,0,Jul,29,3-Outage-heavy,Turbine,3.535862069,2.975862069
15-Jul-2026,5,Unit 5,,210,3.81,4.16,0,,,,5.04,82.5%,0.35,109.2%,0,0,Jul,29,3-Outage-heavy,,3.988888889,0
15-Jul-2026,6,Unit 6,,195,3.84,3.85,0,,,,4.68,82.3%,0.01,100.3%,0,0,Jul,29,3-Outage-heavy,,3.853777778,0
15-Jul-2026,7,Unit 7,S,195,0,3.27,195,15-Jul-2026 19:10,,BOILER MISC. PROBLEM,4.68,69.9%,3.27,,1,0,Jul,29,3-Outage-heavy,Boiler,3.98375,0.71375
16-Jul-2026,1,Unit 1,S,110,1.84,0,110,09-Jul-2026 00:01,,GENERATOR MISCLLANEOUS MAINTENANCE,2.64,0.0%,-1.84,0.0%,1,1,Jul,29,3-Outage-heavy,Generator,1.611818182,1.611818182
16-Jul-2026,2,Unit 2,,110,1.87,1.93,0,,,,2.64,73.1%,0.06,103.2%,0,0,Jul,29,3-Outage-heavy,,1.679555556,0
16-Jul-2026,3,Unit 3,,210,0,4,0,,,,5.04,79.4%,4,,0,0,Jul,29,3-Outage-heavy,,3.726976744,0
16-Jul-2026,4,Unit 4,S,210,0,0.25,210,16-Jul-2026 22:59,,TURBINE BEARING PROBLEM,5.04,5.0%,0.25,,1,0,Jul,29,3-Outage-heavy,Turbine,3.535862069,3.285862069
16-Jul-2026,5,Unit 5,,210,3.81,4.41,0,,,,5.04,87.5%,0.6,115.7%,0,0,Jul,29,3-Outage-heavy,,3.988888889,0
16-Jul-2026,6,Unit 6,,195,3.84,3.84,0,,,,4.68,82.1%,0,100.0%,0,0,Jul,29,3-Outage-heavy,,3.853777778,0
16-Jul-2026,7,Unit 7,S,195,0,0,195,15-Jul-2026 19:10,,BOILER MISC. PROBLEM,4.68,0.0%,0,,1,1,Jul,29,3-Outage-heavy,Boiler,3.98375,3.98375
17-Jul-2026,1,Unit 1,S,110,1.84,0,110,09-Jul-2026 00:01,,GENERATOR MISCLLANEOUS MAINTENANCE,2.64,0.0%,-1.84,0.0%,1,1,Jul,29,3-Outage-heavy,Generator,1.611818182,1.611818182
17-Jul-2026,2,Unit 2,,110,1.87,1.89,0,,,,2.64,71.6%,0.02,101.1%,0,0,Jul,29,3-Outage-heavy,,1.679555556,0
17-Jul-2026,3,Unit 3,,210,0,3.95,0,,,,5.04,78.4%,3.95,,0,0,Jul,29,3-Outage-heavy,,3.726976744,0
17-Jul-2026,4,Unit 4,S,210,0,0.13,210,17-Jul-2026 21:31,,GENERATOR MISCLLANEOUS MAINTENANCE,5.04,2.6%,0.13,,1,0,Jul,29,3-Outage-heavy,Generator,3.535862069,3.405862069
17-Jul-2026,5,Unit 5,,210,3.81,4.13,0,,,,5.04,81.9%,0.32,108.4%,0,0,Jul,29,3-Outage-heavy,,3.988888889,0
17-Jul-2026,6,Unit 6,,195,3.84,4.01,0,,,,4.68,85.7%,0.17,104.4%,0,0,Jul,29,3-Outage-heavy,,3.853777778,0
17-Jul-2026,7,Unit 7,*,195,0,0.75,195,15-Jul-2026 19:10,17-Jul-2026 18:45,BOILER MISC. PROBLEM,4.68,16.0%,0.75,,1,0,Jul,29,3-Outage-heavy,Boiler,3.98375,3.23375
18-Jul-2026,1,Unit 1,S,110,1.84,0,110,09-Jul-2026 00:01,,GENERATOR MISCLLANEOUS MAINTENANCE,2.64,0.0%,-1.84,0.0%,1,1,Jul,29,3-Outage-heavy,Generator,1.611818182,1.611818182
18-Jul-2026,2,Unit 2,,110,1.87,1.84,0,,,,2.64,69.7%,-0.03,98.4%,0,0,Jul,29,3-Outage-heavy,,1.679555556,0
18-Jul-2026,3,Unit 3,,210,0,3.84,0,,,,5.04,76.2%,3.84,,0,0,Jul,29,3-Outage-heavy,,3.726976744,0
18-Jul-2026,4,Unit 4,S,210,0,0.16,210,18-Jul-2026 10:02,,TURBINE VIBRATIONS HIGH,5.04,3.2%,0.16,,1,0,Jul,29,3-Outage-heavy,Turbine,3.535862069,3.375862069
18-Jul-2026,5,Unit 5,,210,3.81,4.26,0,,,,5.04,84.5%,0.45,111.8%,0,0,Jul,29,3-Outage-heavy,,3.988888889,0
18-Jul-2026,6,Unit 6,,195,3.84,4,0,,,,4.68,85.5%,0.16,104.2%,0,0,Jul,29,3-Outage-heavy,,3.853777778,0
18-Jul-2026,7,Unit 7,,195,0,4.44,0,,,,4.68,94.9%,4.44,,0,0,Jul,29,3-Outage-heavy,,3.98375,0
19-Jul-2026,1,Unit 1,S,110,1.84,0,110,09-Jul-2026 00:01,,GENERATOR MISCLLANEOUS MAINTENANCE,2.64,0.0%,-1.84,0.0%,1,1,Jul,29,3-Outage-heavy,Generator,1.611818182,1.611818182
19-Jul-2026,2,Unit 2,,110,1.87,1.79,0,,,,2.64,67.8%,-0.08,95.7%,0,0,Jul,29,3-Outage-heavy,,1.679555556,0
19-Jul-2026,3,Unit 3,,210,0,3.86,0,,,,5.04,76.6%,3.86,,0,0,Jul,29,3-Outage-heavy,,3.726976744,0
19-Jul-2026,4,Unit 4,*,210,0,0.06,210,18-Jul-2026 10:02,19-Jul-2026 22:59,TURBINE VIBRATIONS HIGH,5.04,1.2%,0.06,,1,0,Jul,29,3-Outage-heavy,Turbine,3.535862069,3.475862069
19-Jul-2026,5,Unit 5,,210,3.81,4.2,0,,,,5.04,83.3%,0.39,110.2%,0,0,Jul,29,3-Outage-heavy,,3.988888889,0
19-Jul-2026,6,Unit 6,,195,3.84,3.96,0,,,,4.68,84.6%,0.12,103.1%,0,0,Jul,29,3-Outage-heavy,,3.853777778,0
19-Jul-2026,7,Unit 7,,195,0,4.33,0,,,,4.68,92.5%,4.33,,0,0,Jul,29,3-Outage-heavy,,3.98375,0
20-Jul-2026,1,Unit 1,S,110,1.84,0,110,09-Jul-2026 00:01,,GENERATOR MISCLLANEOUS MAINTENANCE,2.64,0.0%,-1.84,0.0%,1,1,Jul,30,3-Outage-heavy,Generator,1.611818182,1.611818182
20-Jul-2026,2,Unit 2,,110,1.87,1.83,0,,,,2.64,69.3%,-0.04,97.9%,0,0,Jul,30,3-Outage-heavy,,1.679555556,0
20-Jul-2026,3,Unit 3,,210,0,3.83,0,,,,5.04,76.0%,3.83,,0,0,Jul,30,3-Outage-heavy,,3.726976744,0
20-Jul-2026,4,Unit 4,S,210,0,0.08,210,20-Jul-2026 01:09,,TURBINE VIBRATIONS HIGH,5.04,1.6%,0.08,,1,0,Jul,30,3-Outage-heavy,Turbine,3.535862069,3.455862069
20-Jul-2026,5,Unit 5,,210,3.81,4.17,0,,,,5.04,82.7%,0.36,109.4%,0,0,Jul,30,3-Outage-heavy,,3.988888889,0
20-Jul-2026,6,Unit 6,,195,3.84,3.98,0,,,,4.68,85.0%,0.14,103.6%,0,0,Jul,30,3-Outage-heavy,,3.853777778,0
20-Jul-2026,7,Unit 7,,195,0,4.35,0,,,,4.68,92.9%,4.35,,0,0,Jul,30,3-Outage-heavy,,3.98375,0
